{"detection_classes": [3, 3, 37, 37, 13, 85, 3, 1, 3, 3, 37, 3, 3, 3, 3, 1, 22, 1, 35, 1, 1, 3, 1, 10, 3, 3, 35, 35, 3, 3, 1, 1, 3, 1, 3, 22, 1, 3, 1, 35, 10, 3, 22, 3, 1, 3, 1, 3, 1, 3, 1, 3, 3, 3, 1, 3, 1, 35, 3, 1, 1, 3, 3, 3, 1, 3, 3, 3, 1, 3, 3, 3, 1, 3, 3, 1, 67, 67, 3, 3, 3, 1, 3, 1, 3, 1, 3, 3, 1, 1, 1, 67, 3, 3, 1, 1, 1, 3, 1, 3], "detection_scores": [0.9719167947769165, 0.8041525483131409, 0.2966858744621277, 0.13069579005241394, 0.12856841087341309, 0.10461992025375366, 0.10307911038398743, 0.08011513948440552, 0.07937583327293396, 0.07776403427124023, 0.07692661881446838, 0.07679110765457153, 0.07513254880905151, 0.07360902428627014, 0.07338783144950867, 0.07331767678260803, 0.07311975955963135, 0.07075893878936768, 0.06759276986122131, 0.06650453805923462, 0.06545901298522949, 0.06341296434402466, 0.06278905272483826, 0.05969423055648804, 0.059134066104888916, 0.05841389298439026, 0.05687391757965088, 0.05659043788909912, 0.05601155757904053, 0.05468699336051941, 0.054468244314193726, 0.053333014249801636, 0.05278322100639343, 0.0524044930934906, 0.051881492137908936, 0.05175280570983887, 0.05115833878517151, 0.05039462447166443, 0.050336629152297974, 0.04967314004898071, 0.048613131046295166, 0.04728689789772034, 0.04722702503204346, 0.04664945602416992, 0.04640936851501465, 0.04637160897254944, 0.04567456245422363, 0.045267343521118164, 0.044691383838653564, 0.043806612491607666, 0.043710917234420776, 0.043236225843429565, 0.043023765087127686, 0.042738497257232666, 0.04241016507148743, 0.042291462421417236, 0.04215994477272034, 0.04201328754425049, 0.04192796349525452, 0.04145956039428711, 0.041184455156326294, 0.04108116030693054, 0.04105997085571289, 0.040727317333221436, 0.04056909680366516, 0.040407150983810425, 0.04037970304489136, 0.04034861922264099, 0.04026609659194946, 0.03969034552574158, 0.03964683413505554, 0.039591968059539795, 0.039255112409591675, 0.03902328014373779, 0.038778841495513916, 0.038674384355545044, 0.03848165273666382, 0.03815832734107971, 0.03810283541679382, 0.03795251250267029, 0.03762093186378479, 0.037441253662109375, 0.037282705307006836, 0.03658396005630493, 0.03653228282928467, 0.036427080631256104, 0.035797446966171265, 0.03567147254943848, 0.035509198904037476, 0.03545626997947693, 0.03537708520889282, 0.035158514976501465, 0.035139769315719604, 0.034921079874038696, 0.034676969051361084, 0.034469157457351685, 0.034427106380462646, 0.0341772735118866, 0.03386116027832031, 0.03372567892074585], "detection_boxes": [[0.37681102752685547, 0.11464188992977142, 0.754401445388794, 0.5906849503517151], [0.3790982663631439, 0.5534279346466064, 0.7403641939163208, 0.8597085475921631], [0.8389173746109009, 0.8696901798248291, 0.8689801692962646, 0.891197919845581], [0.8332725167274475, 0.8697397112846375, 0.8575442433357239, 0.8856430649757385], [0.07607591152191162, 0.2106466442346573, 0.19848069548606873, 0.3035370707511902], [0.07607591152191162, 0.2106466442346573, 0.19848069548606873, 0.3035370707511902], [0.43047481775283813, 0.10607597231864929, 0.6285998225212097, 0.25527843832969666], [0.4210268259048462, 0.41691410541534424, 0.49152421951293945, 0.4691733121871948], [0.400961697101593, 0.49160295724868774, 0.49092012643814087, 0.6169645190238953], [0.35995644330978394, 0.10867533087730408, 0.7897730469703674, 0.813277006149292], [0.6024625897407532, 0.8735461831092834, 0.6252052187919617, 0.8869780898094177], [0.41330525279045105, 0.43481600284576416, 0.692436933517456, 0.8977458477020264], [0.4771743416786194, 0.3978564143180847, 0.7466699481010437, 0.8821331858634949], [0.31280338764190674, 0.3753986060619354, 0.776766300201416, 0.9184093475341797], [0.4821488857269287, 0.014173179864883423, 0.9876511096954346, 0.970547080039978], [0.0, 0.9314361214637756, 0.29418808221817017, 1.0], [0.006006687879562378, 0.63790363073349, 0.34281817078590393, 0.9385674595832825], [0.0, 0.9427582025527954, 0.4181479811668396, 0.9968903064727783], [0.6903311014175415, 0.673992931842804, 0.8346402645111084, 0.9577214121818542], [0.005630135536193848, 0.89118492603302, 0.3808055520057678, 0.9773167371749878], [0.41331586241722107, 0.3837788701057434, 0.4864126741886139, 0.42118483781814575], [0.39101916551589966, 0.4629431664943695, 0.6868796944618225, 0.6183183193206787], [0.0, 0.7198017239570618, 0.343198299407959, 0.8341005444526672], [0.011385742574930191, 0.1047368124127388, 0.12450830638408661, 0.13965487480163574], [0.3854846954345703, 0.13997723162174225, 0.5469061732292175, 0.3957521915435791], [0.39513492584228516, 0.1171116977930069, 0.5771036744117737, 0.34156495332717896], [0.6621227860450745, 0.6605026721954346, 0.7517881989479065, 0.9722799062728882], [0.6463897228240967, 0.743823230266571, 0.8923336267471313, 0.9100882411003113], [0.38357436656951904, 0.46745267510414124, 0.5080508589744568, 0.6719461679458618], [0.4107438325881958, 0.09538206458091736, 0.7078220844268799, 0.2659960985183716], [0.42649924755096436, 0.32145437598228455, 0.49137961864471436, 0.3630593717098236], [0.45768144726753235, 0.2769131660461426, 0.5334861278533936, 0.3128579258918762], [0.3577271103858948, 0.4750184416770935, 0.463911235332489, 0.743104875087738], [0.0, 0.6117020845413208, 0.30848461389541626, 0.6960974931716919], [0.38329488039016724, 0.42525359988212585, 0.7298853993415833, 0.5955119132995605], [0.003024667501449585, 0.7335423231124878, 0.4117274284362793, 0.9507614374160767], [0.0, 0.552513062953949, 0.40519455075263977, 0.6645929217338562], [0.3846069574356079, 0.5026546120643616, 0.5157484412193298, 0.7494130730628967], [0.4616938829421997, 0.32294389605522156, 0.528773307800293, 0.36490318179130554], [0.703420102596283, 0.6217950582504272, 0.8105198740959167, 0.9206531047821045], [0.016552995890378952, 0.08075106889009476, 0.1411469429731369, 0.11284922808408737], [0.38101714849472046, 0.3983030617237091, 0.508596658706665, 0.6118884682655334], [0.005054965615272522, 0.5039190649986267, 0.27709412574768066, 0.9924408793449402], [0.36798080801963806, 0.3034587502479553, 0.9868481159210205, 0.9776014685630798], [0.0041009485721588135, 0.6782923936843872, 0.317219614982605, 0.7704219818115234], [0.41302454471588135, 0.525118887424469, 0.5677147507667542, 0.75570148229599], [0.08605968952178955, 0.9490638971328735, 0.49595707654953003, 0.9994508028030396], [0.35941237211227417, 0.5399084091186523, 0.4616019129753113, 0.8036648035049438], [0.971576988697052, 0.08220039308071136, 0.999845564365387, 0.1344015747308731], [0.3441161811351776, 0.3012465834617615, 0.4575684368610382, 0.580108642578125], [0.3729018270969391, 0.4917047619819641, 0.41494813561439514, 0.5216391682624817], [0.4335715174674988, 0.5355286598205566, 0.5460029244422913, 0.595745325088501], [0.36107826232910156, 0.5386251211166382, 0.5531235337257385, 1.0], [0.30322521924972534, 0.7602070569992065, 0.41171562671661377, 0.9866267442703247], [0.8427690863609314, 0.18330366909503937, 0.8773800730705261, 0.1969199925661087], [0.4137524366378784, 0.45108556747436523, 0.8997210264205933, 0.9124090671539307], [0.44341373443603516, 0.10449164360761642, 0.5853896141052246, 0.1735428273677826], [0.7319615483283997, 0.742967963218689, 0.7686712145805359, 0.7916979789733887], [0.40271827578544617, 0.5723106861114502, 0.5844792723655701, 0.816689133644104], [0.9629747867584229, 0.06967884302139282, 0.9991756677627563, 0.11879903078079224], [0.8589203357696533, 0.33173668384552, 0.9175014495849609, 0.37072473764419556], [0.43293851613998413, 0.05813252925872803, 0.7903942465782166, 0.31357014179229736], [0.33035987615585327, 0.480934739112854, 0.531399667263031, 0.6284624338150024], [0.3497692346572876, 0.023241519927978516, 1.0, 0.6477816104888916], [0.0, 0.753779947757721, 0.37292128801345825, 0.8870183825492859], [0.31743746995925903, 0.7851176261901855, 0.37227028608322144, 0.8526461124420166], [0.3029699921607971, 0.6856930255889893, 0.6566457748413086, 0.9936270713806152], [0.41203048825263977, 0.4503914415836334, 0.5608658790588379, 