{"detection_scores": [0.9168781042098999, 0.8294538259506226, 0.778505802154541, 0.7699839472770691, 0.7555540800094604, 0.6342284679412842, 0.6074227690696716, 0.5890334844589233, 0.5124015212059021, 0.5014658570289612, 0.45562493801116943, 0.41762325167655945, 0.2723231613636017, 0.23166722059249878, 0.15385723114013672, 0.14559334516525269, 0.14349016547203064, 0.14013153314590454, 0.13811764121055603, 0.13806286454200745, 0.1375732719898224, 0.13333800435066223, 0.13266506791114807, 0.13232585787773132, 0.13198798894882202, 0.11260896921157837, 0.10983896255493164, 0.10983529686927795, 0.10552939772605896, 0.10532963275909424, 0.10395604372024536, 0.10345783829689026, 0.10199105739593506, 0.09909433126449585, 0.0968182384967804, 0.09407886862754822, 0.09287047386169434, 0.09211832284927368, 0.08808192610740662, 0.08685025572776794, 0.08298012614250183, 0.07948219776153564, 0.07784470915794373, 0.07461458444595337, 0.07099613547325134, 0.06890898942947388, 0.06855657696723938, 0.06851744651794434, 0.06693315505981445, 0.06641733646392822, 0.06566101312637329, 0.06417319178581238, 0.06338608264923096, 0.0627850890159607, 0.06250479817390442, 0.06188076734542847, 0.06158211827278137, 0.0612027645111084, 0.05966562032699585, 0.058574378490448, 0.058277010917663574, 0.057678550481796265, 0.057572513818740845, 0.05558741092681885, 0.05549314618110657, 0.05537095665931702, 0.05516082048416138, 0.0551033616065979, 0.05456182360649109, 0.05284541845321655, 0.052720069885253906, 0.05261537432670593, 0.052422910928726196, 0.05233040452003479, 0.05138283967971802, 0.05128827691078186, 0.051247090101242065, 0.05088597536087036, 0.0508151650428772, 0.050634175539016724, 0.05053320527076721, 0.04986816644668579, 0.04972672462463379, 0.04928016662597656, 0.04916495084762573, 0.0487787127494812, 0.0484260618686676, 0.04833725094795227, 0.0480688214302063, 0.04761186242103577, 0.04719763994216919, 0.04702901840209961, 0.04679408669471741, 0.04648399353027344, 0.04643148183822632, 0.046185433864593506, 0.04550999402999878, 0.044944435358047485, 0.04467982053756714, 0.044568538665771484], "detection_classes": [1, 38, 1, 38, 38, 1, 38, 1, 1, 1, 1, 38, 38, 1, 38, 38, 16, 38, 1, 1, 38, 38, 1, 38, 1, 38, 16, 38, 1, 38, 1, 1, 9, 38, 38, 1, 1, 16, 1, 38, 1, 34, 38, 38, 38, 38, 1, 1, 38, 1, 38, 38, 38, 38, 38, 38, 1, 38, 16, 38, 38, 38, 1, 16, 38, 38, 1, 9, 38, 38, 1, 38, 1, 38, 38, 38, 9, 38, 38, 38, 38, 1, 38, 38, 1, 38, 16, 38, 38, 42, 1, 38, 1, 38, 38, 1, 38, 38, 1, 38], "detection_boxes": [[0.5538762211799622, 0.3942250907421112, 0.5931242108345032, 0.40913960337638855], [0.38294717669487, 0.34582436084747314, 0.40220192074775696, 0.35902953147888184], [0.5741667747497559, 0.05766738951206207, 0.6233518123626709, 0.07475410401821136], [0.0799144059419632, 0.4374091327190399, 0.16590245068073273, 0.5006028413772583], [0.2656431198120117, 0.20112334191799164, 0.30753499269485474, 0.22309370338916779], [0.6833817362785339, 0.07843030989170074, 0.8405889868736267, 0.1178261935710907], [0.38510027527809143, 0.4317219853401184, 0.4007326066493988, 0.4477304220199585], [0.7606164216995239, 0.15739566087722778, 0.9369289875030518, 0.20186743140220642], [0.5428118109703064, 0.2560478448867798, 0.5623449683189392, 0.26740825176239014], [0.5870811343193054, 0.02699298784136772, 0.6204380393028259, 0.04133788123726845], [0.5990726351737976, 0.13398374617099762, 0.6228147149085999, 0.14569540321826935], [0.2669968605041504, 0.2094113528728485, 0.3093004822731018, 0.23242580890655518], [0.3865591585636139, 0.42660942673683167, 0.40327247977256775, 0.4393467605113983], [0.5664286017417908, 0.06135193258523941, 0.5936090350151062, 0.07111141830682755], [0.44279569387435913, 0.7992898225784302, 0.48113447427749634, 0.8209443092346191], [0.3814641833305359, 0.34821927547454834, 0.3899703621864319, 0.35682737827301025], [0.5656203031539917, 0.6047346591949463, 0.5800909996032715, 0.6242837905883789], [0.4162560701370239, 0.23484133183956146, 0.4305441379547119, 0.24634911119937897], [0.44279569387435913, 0.7992898225784302, 0.48113447427749634, 0.8209443092346191], [0.5686102509498596, 0.39375558495521545, 0.5979666113853455, 0.41200730204582214], [0.4408995509147644, 0.21729923784732819, 0.47425687313079834, 0.2423596829175949], [0.45406976342201233, 0.35527434945106506, 0.4716240465641022, 0.3660742938518524], [0.6853023767471313, 0.08997486531734467, 0.8268907070159912, 0.1352953463792801], [0.45774874091148376, 0.2795848846435547, 0.4815542995929718, 0.30030590295791626], [0.5507558584213257, 0.2902555465698242, 0.5679128170013428, 0.299371600151062], [0.4597403109073639, 0.45883122086524963, 0.47664502263069153, 0.46957191824913025], [0.5723656415939331, 0.565486490726471, 0.5874711275100708, 0.5845608115196228], [0.3778744637966156, 0.4193224310874939, 0.3877926766872406, 0.4300806522369385], [0.6735277771949768, 0.10841018706560135, 0.9510287642478943, 0.18829911947250366], [0.37945905327796936, 0.44384291768074036, 0.3887856900691986, 0.45543280243873596], [0.5611823201179504, 0.373320996761322, 0.5813482403755188, 0.3815358877182007], [0.5250493288040161, 0.2569623291492462, 0.5399200916290283, 0.2650238573551178], [0.44279569387435913, 0.7992898225784302, 0.48113447427749634, 0.8209443092346191], [0.4550272822380066, 0.4189029633998871, 0.471346378326416, 0.43253031373023987], [0.5131946802139282, 0.2984955906867981, 0.5282433032989502, 0.3072139620780945], [0.5131946802139282, 0.2984955906867981, 0.5282433032989502, 0.3072139620780945], [0.5671859979629517, 0.14806002378463745, 0.5865082740783691, 0.1551113724708557], [0.5654636025428772, 0.6509233117103577, 0.5802952647209167, 0.6675756573677063], [0.43832752108573914, 0.7947745323181152, 0.4757770597934723, 0.809700608253479], [0.41398754715919495, 0.5584961175918579, 0.4252585470676422, 0.567754864692688], [0.5106080174446106, 0.4762849807739258, 0.5226466059684753, 0.4831209182739258], [0.0799144059419632, 0.4374091327190399, 0.16590245068073273, 0.5006028413772583], [0.4002511203289032, 0.20509877800941467, 0.5124749541282654, 0.49280616641044617], [0.40380823612213135, 0.14899106323719025, 0.5202016234397888, 0.4210214614868164], [3.147590905427933e-05, 0.35609227418899536, 0.020034130662679672, 0.45215874910354614], [0.3634275496006012, 0.510331392288208, 0.37457290291786194, 0.5195982456207275], [0.6842990517616272, 0.0899672657251358, 0.7757666707038879, 0.12938717007637024], [0.6562188863754272, 0.07037103176116943, 0.8868194818496704, 0.13332229852676392], [0.3668825030326843, 0.2718025743961334, 0.6212528347969055, 0.4112596809864044], [0.5734221339225769, 0.025752190500497818, 0.5935085415840149, 0.03586573526263237], [0.12955866754055023, 0.31950318813323975, 0.1684512346982956, 0.36779332160949707], [0.05795001983642578, 0.233633890748024, 0.32929831743240356, 0.4161311984062195], [0.3636035919189453, 0.2234574854373932, 0.5928733944892883, 0.36025527119636536], [0.00163307785987854, 0.4632645547389984, 0.0348464660346508, 0.5519073009490967], [0.004140266217291355, 0.40778031945228577, 0.0329398587346077, 0.4939019978046417], [0.3575091063976288, 0.29791268706321716, 0.3702385127544403, 0.3102937638759613], [0.7296229004859924, 0.1482125222682953, 0.9746970534324646, 0.20931026339530945], [0.44984930753707886, 0.12677207589149475, 0.5730912089347839, 0.4570982754230499], [0.5944052934646606, 0.6563231348991394, 0.6110084056854248, 0.6745683550834656], [0.31029218435287476, 0.197770893573761, 0.35157710313796997, 0.22296583652496338], [0.17941677570343018, 0.3261181712150574, 0.2024250626564026, 0.3655797839164734], [0.0022458452731370926, 0.5278326869010925, 0.039828479290008545, 0.591998279094696], [0.6393120884895325, 0.06726193428039551, 0.8983138203620911, 0.1919192671775818], [0.6033117771148682, 0.5983520150184631, 0.6169930696487427, 0.6175398230552673], [0.4154067635536194, 0.20897090435028076, 0.4253361225128174, 0.21879145503044128], [0.07372324913740158, 0.1973978579044342, 0.2653564214706421, 